,chr9:72005566,chrX:135290920,chr10:115242087,chr11:72286713,chr11:72284423,chr22:36290864,chr16:14582114,chr21:28339062,chr17:40588365,chr5:169290519,chrX:135291290,chr11:72284673,chr18:10452969,chr18:10453069,chr16:14582404,chr5:169289769,chr9:72005256,chr14:75749053,target
SRR23588016,0.32608766540796824,0.8152191635199206,1.304350661631873,2.445657490559762,0.0,35.05442403135659,15.81525177228646,0.9782629962239048,0.6521753308159365,0.4891314981119524,1.4673944943358572,0.0,0.0,0.0,18.91308459366216,0.4891314981119524,0.32608766540796824,1.4673944943358572,0
SRR23588017,0.7366123016095899,3.130602281840757,0.18415307540239748,4.051367658852745,0.0,40.881982739332244,15.46885833380139,1.2890715278167824,0.0,0.36830615080479495,4.41967380965754,0.36830615080479495,0.0,0.0,15.46885833380139,0.0,0.7366123016095899,0.36830615080479495,1
SRR23588018,0.7499220784090403,5.061974029261022,0.0,2.437246754829381,0.7499220784090403,12.936155852555945,18.18561040141923,1.8748051960226009,0.0,0.0,6.749298705681363,0.3749610392045202,0.0,0.0,16.310805205396626,0.0,0.7499220784090403,0.0,1
SRR23588019,0.16833961169943468,2.020075340393216,0.8416980584971734,0.16833961169943468,0.0,24.240904084718593,15.992263111446295,0.33667922339886935,0.0,0.0,2.52509417549152,0.0,0.505018835098304,0.505018835098304,15.655583888047424,1.010037670196608,0.33667922339886935,1.3467168935954774,0
SRR23588020,0.8635581566694842,3.1088093640101433,0.0,1.5544046820050716,0.17271163133389683,24.00691675541166,12.435237456040573,0.0,0.0,0.8635581566694842,4.1450791520135235,0.34542326266779366,0.34542326266779366,0.5181348940016904,11.226256036703294,0.6908465253355873,0.8635581566694842,1.0362697880033809,0
SRR23588021,0.0,2.4390479875374402,0.0,2.601651186706603,0.6504127966766508,8.130159958458135,16.26031991691627,0.8130159958458134,2.113841589199115,0.6504127966766508,3.0894607842140913,0.9756191950149761,0.0,0.6504127966766508,16.74812951442376,0.0,0.6504127966766508,2.601651186706603,1
SRR23588022,1.3165670711105852,1.6457088388882315,2.468563258332347,2.1394214905547013,0.3291417677776463,25.673057886656412,13.494812478883498,0.3291417677776463,0.9874253033329389,0.3291417677776463,3.4559885616652863,0.6582835355552926,1.6457088388882315,1.9748506066658778,14.482237782216437,1.4811379549994084,1.6457088388882315,1.1519961872217621,0
SRR23588023,0.3197082214887405,3.836498657864886,0.0,3.197082214887405,0.0,19.662055621557542,12.78832885954962,2.3978116611655538,0.15985411074437025,0.3197082214887405,4.7956233223311076,1.278832885954962,0.47956233223311073,0.9591246644662215,14.227015856248952,0.3197082214887405,0.9591246644662215,1.7583952181880729,1
SRR23588024,2.2178594462625965,5.6185772638652445,0.4435718892525193,2.2178594462625965,0.0,9.46286697072041,18.92573394144082,2.513574039097609,0.14785729641750642,0.0,8.132151302962852,0.29571459283501283,0.4435718892525193,0.8871437785050386,22.474309055460978,0.14785729641750642,2.07000214984509,0.7392864820875321,0
SRR23588025,0.0,1.1724348507264322,1.3399255436873512,2.0098883155310268,0.0,14.236708901678107,13.901727515756267,0.3349813859218378,0.3349813859218378,0.0,2.847341780335621,0.0,0.3349813859218378,0.3349813859218378,13.231764743912592,0.0,0.0,1.3399255436873512,1
SRR23588026,0.3816808825301702,2.2900852951810213,0.0,2.2900852951810213,0.0,15.076394859941724,10.687064710844766,1.1450426475905107,0.0,4.771011031627127,4.389330149096957,0.3816808825301702,1.1450426475905107,1.908404412650851,10.496224269579681,4.007649266566787,0.3816808825301702,0.3816808825301702,0
SRR23588027,0.7992973377104188,0.9991216721380235,0.0,2.1980676787036515,0.7992973377104188,21.381203783753705,15.586298085353167,0.0,0.7992973377104188,0.9991216721380235,1.5985946754208376,0.7992973377104188,0.0,0.0,15.985946754208376,1.198946006565628,0.7992973377104188,1.198946006565628,1
SRR23588028,0.0,1.5395101159071507,0.0,0.6842267181809558,0.3421133590904779,19.50046146815724,8.210720618171472,0.513170038635717,0.17105667954523895,2.2237368340881067,2.2237368340881067,0.3421133590904779,0.3421133590904779,0.3421133590904779,8.55283397726195,2.052680154542868,0.0,0.0,0
SRR23588029,0.0,4.283078662665796,0.0,1.427692887555265,0.35692322188881626,13.920005653663834,21.772316535217794,2.141539331332898,0.0,0.0,6.067694772109877,0.35692322188881626,0.0,0.0,21.593854924273383,0.0,0.35692322188881626,2.320000942277306,1
SRR23588030,0.0,5.13962279517595,0.0,3.7558781964747325,0.39535559962891925,27.87256977383881,14.825834986084471,1.1860667988867577,1.3837445987012174,0.39535559962891925,5.930333994433789,0.7907111992578385,3.3605225968458132,3.7558781964747325,18.384035382744745,0.39535559962891925,0.0,0.7907111992578385,0
SRR23588031,0.0,2.5224481065159208,0.3363264142021228,4.035916970425474,0.3363264142021228,15.134688639095524,23.542848994148592,2.186121692313798,0.3363264142021228,0.0,3.5314273491222887,0.3363264142021228,0.0,0.0,23.374685787047532,0.0,0.5044896213031842,1.5134688639095524,1
SRR23588032,0.36381618805586,4.001978068614459,0.0,1.09144856416758,0.0,7.276323761117199,12.187842299871308,0.72763237611172,0.0,0.18190809402793,7.640139949173059,0.36381618805586,0.36381618805586,0.36381618805586,12.915474675983027,0.0,0.72763237611172,0.72763237611172,0
SRR23588033,1.2381559740677517,1.8572339611016278,1.2381559740677517,2.1667729546185654,0.3095389935169379,23.989271997562692,10.36955628281742,1.0833864773092827,1.2381559740677517,0.0,3.2501594319278486,0.3095389935169379,0.3095389935169379,0.3095389935169379,12.226790243919048,0.0,1.2381559740677517,0.9286169805508139,1
SRR23588034,0.15035987508402296,2.7064777515124137,0.0,3.0071975016804595,2.105038251176322,34.28205151915724,11.728070256553792,0.9021592505041378,0.15035987508402296,1.3532388757562068,4.360436377436667,1.8043185010082756,2.4057580013443673,2.5561178764283907,12.179149881805861,1.3532388757562068,0.3007197501680459,0.6014395003360918,0
SRR23588035,0.0,4.910286923009263,0.0,1.921416622047103,0.0,11.528499732282619,11.101518260716595,0.0,0.6404722073490342,0.42698147156602284,5.337268394575286,0.0,0.0,0.21349073578301142,12.382462675414663,0.42698147156602284,0.0,2.134907357830114,1
SRR23588036,0.8363012270044342,1.6726024540088684,0.5017807362026606,0.3345204908017737,0.6690409816035474,29.270542945155196,12.879038895868288,0.3345204908017737,0.3345204908017737,0.3345204908017737,3.345204908017737,0.6690409816035474,0.6690409816035474,0.6690409816035474,14.551641349877155,0.8363012270044342,0.6690409816035474,0.3345204908017737,0
SRR23588037,0.0,3.915175850822478,0.9321847263863043,3.7287389055452174,0.18643694527726085,17.152198965508,22.185996487994043,1.1186216716635653,1.3982770895794565,1.6779325074953477,6.804948502620022,0.18643694527726085,0.18643694527726085,0.18643694527726085,26.940138592564196,2.516898761243022,0.18643694527726085,4.101612796099739,1
SRR23588038,0.9907121969922226,3.219814640224723,0.24767804924805564,0.9907121969922226,0.0,15.603717102627506,10.154800019170281,1.9814243939844451,1.486068295488334,2.229102443232501,4.210526837216946,0.4953560984961113,0.9907121969922226,0.9907121969922226,10.650156117666393,0.9907121969922226,1.9814243939844451,0.4953560984961113,0
SRR23588040,1.0091909033954025,3.2294108908652883,0.8073527227163221,0.6055145420372416,1.0091909033954025,30.275727101862078,12.715805382782072,0.40367636135816104,1.8165436261117247,1.4128672647535636,5.6514690590142544,1.8165436261117247,0.8073527227163221,0.8073527227163221,12.917643563461153,1.8165436261117247,1.2110290840744833,0.40367636135816104,0
SRR23588041,0.32540293832345246,3.0913279140727985,0.0,1.7897161607789887,0.0,19.52417629940715,31.40138354821316,0.0,0.32540293832345246,0.0,3.9048352598814295,0.0,0.0,0.0,33.516502647315605,0.0,0.32540293832345246,0.8135073458086313,1
SRR23588042,1.1493095071621273,2.2986190143242546,0.65674828980693,1.9702448694207897,0.9851224347103948,3.28374144903465,9.85122434710395,0.4925612173551974,0.65674828980693,0.9851224347103948,3.776302666389847,0.8209353622586625,1.8060577969690572,1.641870724517325,10.672159709362612,0.65674828980693,1.4776836520655923,0.328374144903465,0
SRR23588044,0.0,3.5111749971569237,0.0,5.461827773355214,1.3654569433388035,37.06240274776753,11.313786101950086,0.39013055523965817,1.3654569433388035,1.1703916657189746,4.876631940495727,1.9506527761982908,0.7802611104793163,0.7802611104793163,11.898981934809575,1.1703916657189746,0.39013055523965817,1.5605222209586327,0
SRR23588046,0.31779081991302705,4.925757708651918,0.15889540995651352,1.906744919478162,0.7944770497825675,9.692620007347324,10.963783286999432,1.1122678696955945,0.31779081991302705,1.1122678696955945,6.83250262813008,0.953372459739081,1.7478495095216486,2.0656403294346757,11.281574106912458,1.1122678696955945,0.31779081991302705,1.2711632796521082,0
SRR23588047,0.17692592270849528,2.1231110725019433,0.0,1.2384814589594668,0.0,26.361962483565794,16.984888580015546,0.0,0.0,0.7077036908339811,4.0692962222953915,0.0,0.35385184541699055,0.35385184541699055,17.515666348141032,0.35385184541699055,0.7077036908339811,0.35385184541699055,1
SRR23588048,0.9372599003739589,1.718309817352258,0.0,0.9372599003739589,0.0,13.121638605235425,13.121638605235425,0.31241996679131967,0.0,4.686299501869795,2.8117797011218766,0.0,1.5620998339565981,1.718309817352258,13.434058572026744,1.4058898505609383,1.5620998339565981,0.31241996679131967,0
SRR23588049,0.2261354969977686,1.2437452334877275,0.0,4.97498093395091,0.2261354969977686,13.681197568365,13.341994322868349,0.4522709939955372,0.9045419879910744,0.1130677484988843,1.5829484789843802,0.0,0.0,0.0,14.585739556356074,0.5653387424944215,0.2261354969977686,0.3392032454966529,1
SRR23588050,0.0,2.5737186557835137,1.1030222810500772,1.2868593278917568,0.7353481873667181,12.500919185234208,4.779763217883668,0.0,0.18383704684167954,0.18383704684167954,3.8605779836752703,0.7353481873667181,0.36767409368335907,1.1030222810500772,4.412089124200309,0.0,0.0,0.36767409368335907,0
SRR23588051,0.0,0.9664669784811296,0.32215565949370983,2.094011786709114,0.6443113189874197,31.088021141143,22.38981833481283,0.4832334892405648,0.6443113189874197,0.9664669784811296,2.4161674462028238,0.6443113189874197,0.0,0.32215565949370983,22.873051824053395,0.0,0.0,0.8053891487342746,1
SRR23588052,0.6333296204384334,3.0083156970825593,0.47499721532882516,0.6333296204384334,0.0,19.949883043810654,12.82492481387828,0.0,0.9499944306576503,3.6416453175209926,6.80829341971316,0.0,0.6333296204384334,0.6333296204384334,14.249916459864753,2.2166536715345173,0.6333296204384334,0.7916620255480419,0
SRR23588054,0.0,2.619153262126741,0.16369707888292132,2.2917591043608985,1.9643649465950557,40.26948140519864,8.512248101911908,0.32739415776584263,0.6547883155316853,1.9643649465950557,3.9287298931901113,4.7472152876047184,3.110244498775505,4.910912366487639,9.330733496326514,2.128062025477977,0.0,1.636970788829213,0
SRR23588055,0.25656839135146436,1.5394103481087862,0.5131367827029287,1.7959787394602507,0.25656839135146436,12.058714393518827,38.485258702719655,0.0,0.0,0.38485258702719655,3.2071048918933047,0.25656839135146436,1.0262735654058575,0.7697051740543931,37.58726933298953,0.25656839135146436,0.25656839135146436,0.641420978378661,1
SRR23588056,1.1129197086858467,3.8952189804004638,0.0,4.080705598514771,0.5564598543429233,22.62936740994555,11.685656941201392,0.927433090571539,4.080705598514771,3.3387591260575404,5.93557177965785,1.1129197086858467,0.1854866181143078,0.1854866181143078,14.2824695948017,3.1532725079432327,0.3709732362286156,1.1129197086858467,0
SRR23588057,0.0,2.6680927622480883,0.0,0.6670231905620221,0.0,24.84661384843532,16.175312371129035,0.0,1.0005347858430331,0.0,4.0021391433721325,0.0,0.0,0.0,17.50935875225308,0.5002673929215166,0.0,2.0010695716860663,1
SRR23588058,0.0,3.333445065473491,1.4815311402104405,6.666890130946982,1.8519139252630505,17.407990897472676,9.629952411367862,0.0,4.259402028105017,1.2963397476841354,3.703827850526101,3.889019243052406,3.703827850526101,4.074210635578711,11.481866336630913,2.4074881028419655,0.0,0.7407655701052203,0
SRR23588059,0.30118177705681554,4.06595399026701,0.30118177705681554,2.2588633279261163,0.15059088852840777,6.475408206721534,10.240180419931727,0.30118177705681554,1.957681550869301,0.6023635541136311,5.7224537640794955,0.15059088852840777,0.9035453311704466,0.9035453311704466,10.993134862573767,0.30118177705681554,0.0,0.30118177705681554,0
SRR23588060,0.0,3.546807214813899,0.0,3.3779116331560943,0.0,11.316003971072917,16.38287142080706,2.195642561551461,0.0,0.5066867449734141,5.911345358023165,1.3511646532624377,0.0,0.33779116331560943,17.734036074069497,0.33779116331560943,0.33779116331560943,1.3511646532624377,1
SRR23588061,0.26484825386870464,1.7215136501465802,0.0,2.383634284818342,0.26484825386870464,16.55301586679404,10.329081900879482,1.3242412693435233,1.0593930154748186,0.5296965077374093,2.2512101578839894,0.5296965077374093,0.794544761606114,0.794544761606114,12.050595551026062,0.13242412693435232,0.26484825386870464,0.26484825386870464,0
SRR23588062,0.0,0.7978269852345495,1.595653970469099,1.8615962988806154,0.13297116420575825,17.552193675160087,15.557626212073716,0.0,0.0,0.13297116420575825,0.9307981494403077,0.2659423284115165,0.531884656823033,1.063769313646066,16.8873378541313,0.0,0.0,1.063769313646066,1
SRR23588063,0.6736919260717428,3.5368826118766497,1.1789608706255499,1.5158068336614212,0.0,24.589755301618613,13.810684484470727,1.684229815179357,1.0105378891076142,0.3368459630358714,6.736919260717428,0.3368459630358714,3.2000366488407783,3.2000366488407783,17.010721133311506,0.8421149075896786,1.0105378891076142,3.0316136673228424,0
SRR23588064,0.42371014158698095,4.872666628250281,0.0,2.330405778728395,0.8474202831739619,20.761796937762064,27.11744906156678,0.0,2.1185507079349044,3.3896811326958476,7.838637619359147,2.1185507079349044,0.0,0.0,27.11744906156678,1.0592753539674522,0.8474202831739619,0.0,1
SRR23588065,0.0,0.9264264535515252,0.0,0.0,0.0,3.705705814206101,21.61661724953559,1.8528529071030504,0.0,0.0,1.8528529071030504,0.0,0.0,0.0,20.690190795984062,0.0,0.0,0.0,1
SRR23588066,3.889584422214389,5.639897412210864,0.9723961055535972,2.528229874439353,0.0,8.362606507760935,23.337506533286334,0.0,0.5834376633321584,0.0,7.390210402207339,0.0,0.3889584422214389,0.3889584422214389,23.726464975507774,0.3889584422214389,3.889584422214389,0.9723961055535972,0
SRR23588067,0.14592308058799122,1.7510769670558948,0.29184616117598244,2.1888462088198684,0.5836923223519649,11.527923366451306,11.090154124687333,0.0,1.4592308058799122,0.29184616117598244,2.1888462088198684,0.5836923223519649,0.29184616117598244,0.29184616117598244,11.527923366451306,0.0,0.29184616117598244,0.29184616117598244,1
SRR23588068,0.17686900126673577,3.7142490266014514,2.8299040202677723,0.884345006333679,1.0612140076004146,42.09482230148312,16.625686119073166,0.0,0.5306070038002073,0.0,4.7754630342018665,0.7074760050669431,4.5985940329351305,6.013546043069017,18.04063812920705,0.35373800253347154,0.17686900126673577,3.1836420228012443,0
SRR23588071,0.0,3.0353844887805446,0.3372649431978383,1.180427301192434,1.3490597727913531,17.70640951788651,14.502392557507045,0.3372649431978383,0.6745298863956766,0.6745298863956766,4.384444261571898,1.6863247159891914,2.0235896591870297,2.360854602384868,15.514187387100561,0.0,0.0,1.0117948295935149,0
SRR23588072,0.0,1.3725443098969758,0.7843110342268433,1.3725443098969758,0.19607775855671083,18.82346482144424,13.137209823299626,0.39215551711342167,0.19607775855671083,1.176466551340265,4.313710688247638,0.9803887927835542,0.39215551711342167,0.39215551711342167,15.294065167423446,2.156855344123819,0.0,1.176466551340265,0
SRR23588073,0.3489024358012976,2.0934146148077857,0.0,1.0467073074038928,0.3489024358012976,20.934146148077858,13.607194996250607,1.3956097432051904,0.3489024358012976,0.5233536537019464,4.012378011714922,0.3489024358012976,0.1744512179006488,0.3489024358012976,13.956097432051905,0.6978048716025952,0.1744512179006488,1.5700609611058394,1
SRR23588074,0.0,2.16468460477662,0.0,3.5176124827620074,0.0,12.988107628659721,12.988107628659721,1.08234230238831,2.16468460477662,1.08234230238831,2.9764413315678526,0.541171151194155,1.3529278779853875,1.3529278779853875,14.341035506645108,0.0,0.0,1.6235134535824651,0
SRR23588075,0.0,1.7553227786262244,0.2925537964377041,2.1941534732827805,0.14627689821885204,16.383012600511428,13.311197737915535,0.5851075928754081,0.0,0.0,2.9255379643770407,0.0,0.0,0.0,14.3351360254475,0.0,0.14627689821885204,2.0478765750639285,1
SRR23588076,0.6608154214494903,3.6344848179721967,0.49561156608711776,2.478057830435589,0.8260192768118629,24.450170593631146,14.372735416526416,2.312853975073216,0.6608154214494903,0.1652038553623726,4.295300239421688,0.9912231321742355,1.8172424089860983,1.982446264348471,14.868346982613534,0.0,0.6608154214494903,0.6608154214494903,0
SRR23588078,1.1418304741422498,2.854576185355625,0.28545761853556245,1.7127457112133746,0.0,16.271084256527057,19.125660441882687,3.425491422426749,0.0,0.0,5.423694752175686,0.0,1.1418304741422498,1.7127457112133746,20.552948534560496,0.0,1.1418304741422498,0.5709152370711249,0
SRR23588079,0.0,2.1805420691299977,3.5433808623362464,0.8177032759237491,0.0,10.35757482836749,30.255021209178718,0.0,0.0,0.0,2.9982453450537467,0.0,0.0,0.0,30.255021209178718,0.0,0.0,0.0,1
SRR23588080,0.2846977115286203,0.5693954230572406,0.8540931345858609,1.7081862691717218,0.5693954230572406,13.665490153373774,18.79004896088894,3.4163725383434436,0.2846977115286203,0.0,3.131674826814823,0.5693954230572406,1.1387908461144811,1.1387908461144811,19.644142095474802,0.5693954230572406,0.0,1.1387908461144811,0
SRR23588081,0.6184032796399532,3.7104196778397194,0.0,3.401218038019743,0.0,17.933695109558645,15.769283630818807,1.8552098389198597,0.0,0.0,5.565629516759579,0.6184032796399532,0.0,0.0,15.46008199099883,0.0,0.3092016398199766,0.0,1
SRR23588083,0.0,3.730362845399542,0.0,3.0309198118871277,0.0,13.98886067024828,15.854042092948053,2.098329100537242,0.9325907113498855,2.098329100537242,6.061839623774255,0.0,0.699443033512414,0.699443033512414,19.351257260510124,0.699443033512414,0.0,0.9325907113498855,0
SRR23588084,1.5830977627323184,2.035411409227266,0.0,2.035411409227266,0.9046272929898961,36.86356218933826,5.880077404434325,3.166195525464637,0.9046272929898961,1.3569409394848442,4.975450111444429,0.9046272929898961,2.035411409227266,2.4877250557222146,6.78470469742422,0.9046272929898961,1.3569409394848442,1.1307841162373702,0
SRR23588085,0.0,0.0,0.0,0.0,0.0,45.95277676411359,16.21862709321656,0.0,0.0,0.0,5.406209031072186,5.406209031072186,0.0,0.0,16.21862709321656,0.0,0.0,0.0,1
SRR23588086,0.0,2.7332373967007095,0.0,0.2733237396700709,0.0,12.846215764493332,16.672748119874328,1.3666186983503548,0.0,0.0,5.193151053731348,0.0,0.0,0.0,18.31269055789475,0.0,1.6399424380204255,0.8199712190102127,0
SRR23588088,0.6846257698616782,1.540407982188776,0.3423128849308391,2.053877309585035,0.3423128849308391,15.40407982188776,9.584760778063496,0.6846257698616782,1.0269386547925174,1.0269386547925174,4.278911061635489,0.6846257698616782,0.6846257698616782,0.6846257698616782,10.098230105459754,0.0,0.3423128849308391,0.3423128849308391,0
SRR23588090,0.37272294236436054,1.8636147118218027,0.18636147118218027,0.7454458847287211,0.37272294236436054,24.599714196047795,9.690796501473374,1.1181688270930816,0.37272294236436054,0.9318073559109014,4.099952366007965,0.9318073559109014,2.609060596550524,3.1681450100970645,10.249880915019915,0.37272294236436054,0.0,0.5590844135465408,0
SRR23588092,0.0,1.4031352917781252,4.490032933690001,2.385329996022813,0.5612541167112501,39.84904228649876,9.260692925735627,1.5434488209559378,0.7015676458890626,0.9821947042446877,2.104702937667188,0.4209405875334376,1.6837623501337504,1.9643894084893754,10.663828217513752,0.5612541167112501,0.0,0.9821947042446877,0
SRR23588094,1.0069219168973917,2.6851251117263777,1.3425625558631888,2.0138438337947835,0.8391015974144931,21.145360254845222,8.726656613110729,1.6782031948289862,0.3356406389657972,2.6851251117263777,3.3564063896579723,1.3425625558631888,2.349484472760581,2.6851251117263777,9.397937891042323,2.6851251117263777,1.0069219168973917,0.3356406389657972,0
SRR23588095,1.0475901341313456,1.4666261877838838,3.561806456046575,3.980842509699113,0.0,24.513609138673488,11.94252752909734,0.8380721073050765,2.095180268262691,0.41903605365253827,3.352288429220306,0.0,1.676144214610153,1.676144214610153,14.2472258241863,0.6285540804788073,1.2571081609576147,2.5142163219152294,1
SRR23588096,0.4092781724583621,3.274225379666897,1.0231954311459053,0.0,0.0,5.320616241958707,17.803600501938753,0.0,1.6371126898334485,0.0,5.320616241958707,0.0,0.4092781724583621,0.4092781724583621,17.59896141570957,0.0,0.6139172586875431,0.4092781724583621,1
SRR23588097,0.9689337239643472,2.099356401922752,1.6148895399405785,3.229779079881157,0.8074447699702892,31.974812890823458,15.179961675441438,0.3229779079881157,0.3229779079881157,0.0,4.037223849851446,1.1304226779584048,2.422334309910868,1.9378674479286944,15.502939583429555,0.8074447699702892,1.6148895399405785,2.2608453559168096,0
SRR23588099,0.18316668828033586,1.0990001296820153,0.0,1.8316668828033589,0.3663333765606717,15.569168503828548,13.004834867903849,0.3663333765606717,0.3663333765606717,1.0990001296820153,3.2970003890460458,0.9158334414016794,0.0,0.0,13.554334932744855,0.0,0.5495000648410077,1.0990001296820153,0
SRR23588100,0.7314337207219653,1.8285843018049133,0.0,1.0971505810829478,0.0,19.0172767387711,18.468701448229623,0.18285843018049133,0.0,1.2800090112634392,2.3771595923463873,0.0,0.7314337207219653,0.7314337207219653,17.005834006785694,1.8285843018049133,0.36571686036098267,1.0971505810829478,1
SRR23588101,0.0,1.7510326350166545,0.0,1.4591938625138787,0.0,13.716422307630461,15.467454942647116,1.1673550900111032,2.480629566273594,0.5836775450055516,2.9183877250277575,0.0,0.2918387725027758,0.2918387725027758,16.63481003265822,0.2918387725027758,0.5836775450055516,0.7295969312569394,1
SRR23588102,0.558196548819591,4.279506874283531,2.0467206790051673,6.698358585835092,0.372131032546394,4.093441358010335,12.094258557757806,1.116393097639182,1.8606551627319703,1.116393097639182,7.442620650927881,1.674589646458773,0.0,0.0,14.140979236762973,1.116393097639182,0.186065516273197,3.1631137766443493,0
SRR23588103,0.0,1.3451853127286815,0.0,0.0,0.0,36.76839854791729,9.864692293343664,0.0,3.587160833943151,0.0,2.241975521214469,2.690370625457363,1.3451853127286815,1.3451853127286815,6.725926563643407,0.0,3.138765729700257,3.138765729700257,0
SRR23588104,0.0,4.586907519299855,0.8820975998653566,0.529258559919214,0.17641951997307134,25.933669436041487,12.702205438061137,0.0,0.3528390399461427,2.117034239676856,5.998263679084426,0.0,0.7056780798922854,0.7056780798922854,13.40788351795342,2.117034239676856,0.7056780798922854,1.058517119838428,1
SRR23588105,0.4325331074357091,1.946398983460691,2.5951986446142548,1.2975993223071274,0.0,8.650662148714183,18.16639051229978,1.0813327685892729,3.892797966921382,2.5951986446142548,8.001862487560617,2.1626655371785457,1.513865876024982,1.946398983460691,19.680256388324764,2.1626655371785457,0.4325331074357091,3.243998305767818,0
SRR23588106,0.0,2.0211643468446643,2.9398754135922385,2.204906560194179,2.204906560194179,55.30640621820399,8.6358840274272,2.204906560194179,0.7349688533980596,1.1024532800970894,3.307359840291268,3.6748442669902976,0.7349688533980596,0.7349688533980596,8.452141814077686,0.0,0.7349688533980596,0.3674844266990298,0
SRR23588108,0.595720167599912,6.751495232799002,0.39714677839994134,1.7871605027997357,0.0,6.15577506519909,23.233086536396563,0.39714677839994134,2.780027448799589,2.382880670399648,10.722963016798415,0.0,1.9857338919997065,1.9857338919997065,24.424526871596388,0.7942935567998827,0.595720167599912,0.39714677839994134,1
SRR23588109,0.37472530293261896,1.4989012117304759,0.7494506058652379,1.6862638631967855,0.7494506058652379,35.78626643006511,9.930220527714402,0.7494506058652379,0.0,2.248351817595714,2.6230771205283325,1.124175908797857,2.4357144690620234,2.4357144690620234,10.679671133579639,1.6862638631967855,0.37472530293261896,0.5620879543989284,0
SRR23588110,0.0,2.9905650311999494,0.5277467702117558,3.34239621134112,0.0,32.1925529829171,21.10987080847023,0.7036623602823411,0.0,0.0,5.629298882258729,0.35183118014117054,0.35183118014117054,0.35183118014117054,20.933955218399646,0.0,0.0,5.453383292188143,1
SRR23588111,0.0,3.400093293329056,0.7846369138451668,6.277095310761334,0.0,37.139480588671226,19.354377208180782,9.415642966142002,2.615456379483889,1.5692738276903335,3.400093293329056,0.0,0.0,0.0,21.446742311767892,0.0,0.0,0.0,0
SRR23588112,1.173876666061142,4.988975830759854,1.760814999091713,3.521629998183426,0.8804074995458565,30.080589567816762,15.553865825310131,3.081426248410498,2.347753332122284,0.2934691665152855,7.189994579624495,0.8804074995458565,3.374895414925783,3.521629998183426,16.727742491371274,0.7336729162882137,1.4673458325764275,2.6412224986375694,0
SRR23588113,0.37310453568259844,2.7982840176194883,0.0,1.1193136070477954,0.0,13.991420088097444,11.566240606160552,4.85035896387378,0.37310453568259844,0.37310453568259844,3.9175976246672843,0.37310453568259844,0.0,0.0,11.193136070477953,0.37310453568259844,0.0,1.1193136070477954,1
SRR23588114,0.4311380859840242,4.095811816848229,0.0,2.8023975588961574,0.4311380859840242,19.616782912273102,14.227556837472799,0.4311380859840242,0.4311380859840242,0.0,6.25150224676835,0.8622761719680484,0.4311380859840242,0.2155690429920121,15.305402052432857,0.8622761719680484,0.4311380859840242,0.8622761719680484,1
SRR23588115,0.0,2.447518473257557,2.2843505750403863,1.468511083954534,0.0,39.81296716498959,11.911256569853442,0.9790073893030226,0.6526715928686817,0.6526715928686817,4.405533251863602,0.0,3.2633579643434087,4.07919745542926,12.563928162722124,1.1421752875201931,0.32633579643434085,2.7738542696918973,0
SRR23588117,0.0,4.339315906847285,0.4132681816045034,1.0331704540112585,0.0,20.043506807818414,10.125070449310334,1.0331704540112585,0.0,1.6530727264180136,6.405656814869802,0.8265363632090068,2.892877271231524,2.892877271231524,10.125070449310334,1.8597068172202653,0.0,1.446438635615762,0
SRR23588118,1.381457479084158,3.914129524071781,0.0,0.230242913180693,0.460485826361386,9.439959440408414,11.512145659034651,0.920971652722772,0.0,0.0,3.2234007845297024,0.920971652722772,1.1512145659034652,1.6117003922648512,12.89360313811881,0.460485826361386,1.381457479084158,1.381457479084158,0
SRR23588120,0.0,4.294728893774469,0.0,1.7569345474531917,0.0,19.131065072268086,8.589457787548938,0.3904298994340426,0.7808597988680852,2.537794346321277,4.880373742925532,0.3904298994340426,0.0,0.0,9.760747485851065,2.733009296038298,0.3904298994340426,0.3904298994340426,0
SRR23588122,0.3695401368628851,2.771551026471638,0.7390802737257702,4.434481642354621,0.0,31.595681701776677,13.488214995495307,0.7390802737257702,2.032470752745868,1.6629306158829829,4.249711573923179,1.1086204105886552,5.912642189806162,6.8364925319633745,13.303444927063863,1.1086204105886552,0.7390802737257702,0.3695401368628851,0
SRR23588124,0.0,3.623250352219564,0.0,1.585172029096059,0.6793594410411682,25.362752465536943,9.9639384686038,0.905812588054891,0.905812588054891,0.0,4.9819692343019,0.905812588054891,0.6793594410411682,0.4529062940274455,10.416844762631246,1.1322657350686136,0.0,0.905812588054891,0
SRR23588126,1.3674477097491957,2.582956785081814,0.30387726883315463,4.102343129247586,1.0635704409160411,18.536513398822432,9.876011237077524,0.6077545376663093,0.9116318064994637,0.7596931720828864,4.5581590324973185,1.0635704409160411,2.7348954194983914,3.3426499571647,9.876011237077524,0.6077545376663093,1.67132497858235,0.7596931720828864,0
SRR23588128,0.0,2.496130477732332,0.208010873144361,0.624032619433083,0.416021746288722,8.736456672063163,11.856619769228578,0.832043492577444,0.416021746288722,0.208010873144361,3.744195716598498,0.416021746288722,1.872097858299249,2.288119604587971,14.560761120105271,0.416021746288722,0.208010873144361,0.624032619433083,0
SRR23588130,0.0,3.1816559939264057,0.0,0.5614687048105422,0.0,10.667905391400302,8.234874337221285,0.0,0.3743124698736948,3.5559684638001006,4.491749638484338,0.3743124698736948,0.935781174684237,1.871562349368474,8.983499276968676,2.0587185843053213,0.0,1.4972498794947793,0
SRR23588132,0.720067599946283,1.8001689998657073,1.0801013999194244,3.2403041997582736,0.0,21.962061798361628,17.641656198683933,0.0,0.0,0.0,2.5202365998119904,0.0,2.5202365998119904,2.5202365998119904,19.0817913985765,0.0,0.720067599946283,1.440135199892566,0
SRR23588134,0.30597325579563067,3.518692441649753,0.0,1.6828529068759688,0.0,12.085943603927412,12.238930231825227,0.30597325579563067,3.977652325343199,1.6828529068759688,3.977652325343199,1.2238930231825227,0.458959883693446,0.7649331394890767,13.003863371314305,0.6119465115912613,0.7649331394890767,1.0709063952847073,0
SRR23588135,0.0,3.727790573373899,3.4036348713413864,5.186491232520208,0.1620778510162565,28.363623927844884,9.076359656910364,0.8103892550812825,1.296622808130052,0.324155702032513,4.376101977438925,1.944934212195078,0.324155702032513,0.324155702032513,9.724671060975389,2.593245616260104,0.0,0.648311404065026,0
SRR23588136,0.0,1.7794788876962784,0.0,0.9706248478343337,0.0,21.83905907627251,14.074060293597839,1.2941664637791117,0.9706248478343337,0.0,3.2354161594477793,0.0,0.0,0.0,15.529997565349339,0.0,0.3235416159447779,2.4265621195858342,1
SRR23588137,1.2720210697569994,3.3920561860186655,0.4240070232523332,1.484024581383166,0.0,10.388172069682161,16.960280930093326,0.0,0.8480140465046664,0.4240070232523332,3.3920561860186655,0.0,0.0,0.0,16.748277418467158,0.0,0.8480140465046664,0.8480140465046664,1
SRR23588138,0.0,1.8409268035536883,0.36818536071073765,1.4727414428429506,0.0,10.309190099900654,16.200155871272457,0.0,0.0,0.5522780410661066,2.025019483909057,0.0,1.1045560821322131,1.1045560821322131,17.856989994470776,0.9204634017768442,0.0,4.050038967818114,0
SRR23588139,0.0,3.2011750195365827,0.18830441291391664,1.1298264774834996,0.0,28.810575175829246,23.538051614239578,0.3766088258278333,0.5649132387417498,0.3766088258278333,5.084219148675749,0.0,0.3766088258278333,0.3766088258278333,25.044486917550913,0.0,0.0,2.636261780794833,1
SRR23588140,0.0,4.307492906190454,0.2970684762889968,3.4162874773234635,2.3765478103119744,9.951793955681394,13.21954719486036,0.0,0.5941369525779936,0.0,4.901629858768448,4.307492906190454,4.010424429901457,4.604561382479451,15.447560767027834,0.0,0.2970684762889968,1.1882739051559872,0
SRR23588141,0.20844643723870587,5.523830586825706,0.0,3.1266965585805884,0.10422321861935294,11.568777266748176,26.889590403793058,0.10422321861935294,1.2506786234322351,0.6253393117161176,7.712518177832118,1.4591250606709412,0.0,0.0,28.140269027225294,0.20844643723870587,0.0,1.2506786234322351,1
SRR23588142,0.0,2.3553440892738218,0.7851146964246073,1.3739507187430626,0.0,20.805539455252095,11.972999120475261,2.9441801115922774,0.0,0.0,4.31813083033534,0.0,0.0,0.0,15.11345790617369,0.19627867410615182,0.0,1.962786741061518,0
SRR23588143,0.5412967955590567,3.608645303727045,0.18043226518635225,1.443458121490818,0.0,14.975878010467236,18.043226518635226,1.0825935911181135,0.3608645303727045,1.2630258563044658,4.87167116003151,0.3608645303727045,0.0,0.0,20.569278231244155,0.9021613259317612,0.9021613259317612,1.443458121490818,1
SRR23588144,0.29608101250231683,3.9970936687812775,2.664729112520851,2.960810125023168,0.29608101250231683,13.471686068855416,10.806956956334565,1.480405062511584,0.29608101250231683,0.4441215187534752,5.181417718790544,0.5921620250046337,0.0,0.0,10.954997462585721,0.5921620250046337,0.4441215187534752,0.0,1
SRR23588145,1.7657189736011432,2.444841655755429,1.0865962914468572,3.259788874340572,1.0865962914468572,26.21413553115543,9.643542086590859,1.2224208278777144,0.5432981457234286,0.814947218585143,4.346385165787429,1.0865962914468572,4.618034238649144,5.161332384372573,9.915191159452574,0.5432981457234286,1.9015435100320002,0.814947218585143,0
SRR23588146,0.4086704336545006,2.145519776686128,0.6130056504817509,2.8606930355815043,0.2043352168272503,5.210548029094883,24.724561236097287,1.2260113009635019,0.0,0.7151732588953761,2.3498549935133783,0.4086704336545006,0.2043352168272503,0.2043352168272503,25.03106406133816,0.4086704336545006,0.4086704336545006,0.9195084757226264,1
SRR23588147,0.1480993740876153,3.2581862299275364,0.8885962445256917,1.4809937408761529,0.0,19.697216753652835,8.145465574818841,0.5923974963504612,1.9252918631389988,1.4809937408761529,4.294881848540844,0.0,0.5923974963504612,0.5923974963504612,8.441664322994072,1.6290931149637682,0.0,2.51768935948946,0
SRR23588150,0.2066709454441405,1.653367563553124,0.0,2.0667094544414053,0.0,7.646824981433198,15.086979017422257,0.0,0.0,0.0,3.5134060725503886,0.0,1.4466966181089835,1.653367563553124,17.153688471863664,0.0,0.413341890888281,0.0,0
SRR23588151,0.31839792353610186,1.5919896176805093,1.2735916941444074,1.9103875412166114,0.0,32.476588200682386,4.775968853041529,0.0,0.0,0.0,2.8655813118249167,0.0,0.0,0.0,4.775968853041529,0.0,0.31839792353610186,3.1839792353610186,1
SRR23588152,0.0,5.862941506579686,6.627673007437906,6.11785200686576,0.0,10.196420011442934,20.90266102345801,0.0,2.0392840022885865,0.0,6.11785200686576,1.52946300171644,2.0392840022885865,2.2941945025746597,21.922303024602307,0.0,0.0,4.333478504863246,0
SRR23588153,0.0,2.7234197635353654,1.4855016892011084,2.9710033784022167,0.0,18.321187500147005,31.93828631782383,0.0,0.0,0.9903344594674055,6.437173986538136,0.9903344594674055,0.0,0.0,33.671371621891794,0.0,0.0,1.980668918934811,1
SRR23588154,0.0,2.0593282162459374,0.0,1.8533953946213437,0.6177984648737812,15.033095978595343,23.68227448682828,0.6177984648737812,0.8237312864983749,0.41186564324918745,4.324589254116468,0.41186564324918745,0.0,0.0,25.947535524698807,0.41186564324918745,0.0,2.0593282162459374,1
SRR23588155,0.5729833754603444,3.2469057942752846,0.0,1.9099445848678145,0.0,6.493811588550569,18.5264624732178,1.5279556678942516,6.302817130063788,0.0,5.538839296116662,0.0,0.0,0.0,19.86342368262527,0.0,0.7639778339471258,5.347844837629881,0
SRR23588156,0.0,2.4098162055772034,0.6024540513943009,1.8073621541829026,0.30122702569715043,23.34509449152916,13.705829669220345,1.2049081027886017,0.45184053854572565,1.506135128485752,3.46411079551723,0.6024540513943009,2.861656744122929,3.46411079551723,14.609510746311795,1.3555216156371768,0.45184053854572565,0.30122702569715043,0
SRR23588157,0.0,2.464916788003907,0.0,3.9027849143395197,0.8216389293346358,8.010979561012698,14.994910460357103,0.4108194646673179,3.286555717338543,0.20540973233365895,4.929833576007814,1.8486875910029306,0.4108194646673179,0.4108194646673179,17.25441751602735,0.20540973233365895,0.0,3.286555717338543,1
SRR23588158,1.2658472204684965,3.481079856288365,1.2658472204684965,1.8987708307027444,0.0,1.8987708307027444,24.68402079913568,0.0,0.0,0.0,5.063388881873986,0.0,0.0,0.0,27.532177045189794,0.0,1.2658472204684965,0.6329236102342483,1
SRR23588159,0.0,1.998703840559397,0.16655865337994977,2.165262493939347,0.0,6.495787481818041,17.821775911654626,1.1659105736596485,0.0,0.0,2.4983798006992464,0.0,0.0,0.0,19.320803792074173,0.0,0.16655865337994977,1.499027880419548,0
SRR23588160,0.7284139532791648,2.3673453481572855,1.6389313948781208,1.2747244182385384,0.7284139532791648,13.839865112304132,12.3830372057458,12.01883022910622,2.913655813116659,2.0031383715177036,2.913655813116659,0.7284139532791648,0.0,0.0,14.568279065583296,1.0926209299187473,0.5463104649593736,2.549448836477077,1
SRR23588161,0.7273840302545204,2.1821520907635614,1.4547680605090407,2.6185825089162735,0.5819072242036163,29.96822204648624,8.437654750952436,1.4547680605090407,1.8911984786617528,4.65525779362893,3.7823969573235057,0.5819072242036163,0.7273840302545204,0.7273840302545204,9.165038781206958,2.7640593149671777,0.7273840302545204,0.8728608363054244,0
SRR23588162,0.39615017300373245,3.1692013840298596,0.39615017300373245,2.5749761245242606,0.39615017300373245,16.63830726615676,19.41135847718289,1.5846006920149298,0.0,0.0,6.338402768059719,0.39615017300373245,0.39615017300373245,0.39615017300373245,19.41135847718289,0.0,1.782675778516796,0.39615017300373245,1
SRR23588163,0.35122515235708074,2.2829634903210247,0.0,1.404900609428323,0.0,33.36638947392267,9.307466537462641,0.0,0.0,3.161026371213727,2.634188642678106,0.0,2.634188642678106,2.634188642678106,9.65869168981972,1.0536754570712425,0.0,1.0536754570712425,0
SRR23588164,0.33682843357431724,2.694627468594538,24.420061434138,1.5157279510844277,0.0,6.904982888273503,30.48297323847571,0.0,0.0,0.33682843357431724,4.884012286827599,0.0,0.0,0.0,33.3460149238574,0.6736568671486345,1.0104853007229517,1.347313734297269,1
SRR23588165,0.0,4.776497720615484,1.592165906871828,4.5774769822565045,0.0,26.668778940103117,8.557891749436076,0.0,1.592165906871828,0.0,4.378456243897527,4.776497720615484,2.985311075384677,3.781394028820591,8.557891749436076,2.786290337025699,0.0,3.383352552102634,0
SRR23588166,0.1697969440794989,3.2261419375104796,1.6979694407949892,2.037563328953987,0.5093908322384968,37.52512464156926,14.093146358598412,0.0,0.6791877763179957,0.3395938881589978,3.5657358256694773,0.8489847203974946,1.3583755526359913,1.3583755526359913,14.772334134916406,1.8677663848744883,0.1697969440794989,1.0187816644769936,1
SRR23588167,0.0,0.3266112385620744,0.0,5.225779816993191,0.0,10.778170872548456,18.61684059803824,2.6128899084965953,1.3064449542482977,2.6128899084965953,1.6330561928103722,0.0,1.3064449542482977,1.3064449542482977,16.983784405227873,0.0,0.0,3.919334862744893,1
SRR23588169,0.0,1.901529304943501,0.2535372406591334,2.9156782675800343,0.0,25.48049268624291,15.719308920866274,1.1409175829661005,2.4086037862617675,1.1409175829661005,2.1550665456026343,0.5070744813182668,0.887380342306967,1.1409175829661005,16.98699512416194,0.887380342306967,0.1267686203295667,1.774760684613934,0
SRR23588170,0.7859660264220164,0.9824575330275205,1.964915066055041,1.5719320528440328,0.0,19.452659153944907,12.575456422752262,0.3929830132110082,0.7859660264220164,0.7859660264220164,3.1438641056880656,0.0,0.0,1.5719320528440328,14.147388475596296,0.7859660264220164,0.7859660264220164,2.357898079266049,1
